{
  "LogisticRegression": {
    "accuracy": 0.41125,
    "precision": 0.35703514570790224,
    "recall": 0.41125,
    "f1": 0.3819241199564546,
    "auc": 0.5493247654041334
  },
  "MeanWeighted": {
    "accuracy": 0.2084375,
    "precision": 0.22280603522676795,
    "recall": 0.2084375,
    "f1": 0.18190536122506798,
    "auc": 0.3744248652474229
  },
  "MajorityVoting_Soft": {
    "accuracy": 0.188125,
    "precision": 0.1828439002214926,
    "recall": 0.188125,
    "f1": 0.18522951770375684,
    "auc": 0.374079171976743
  }
}