patient_id,image_id,y_true,resnet50_logit_0,resnet50_proba_0,resnet50_logit_1,resnet50_proba_1,resnet50_logit_2,resnet50_proba_2,resnet50_logit_3,resnet50_proba_3
P001,img_001,0,-0.35667494393873245,0.7,-2.3025850929940455,0.1,-2.3025850929940455,0.1,-2.3025850929940455,0.1
P002,img_002,1,-2.3025850929940455,0.1,-0.5108256237659907,0.6,-1.6094379124341003,0.2,-2.3025850929940455,0.1
P003,img_003,2,-2.3025850929940455,0.1,-1.8971199848858813,0.15,-0.4307829160924542,0.65,-2.3025850929940455,0.1
P004,img_004,3,-2.995732273553991,0.05,-2.3025850929940455,0.1,-1.8971199848858813,0.15,-0.35667494393873245,0.7
