patient_id,y_true,resnet50_logit_0,vit_b_logit_0,resnet50_logit_1,vit_b_logit_1,resnet50_logit_2,vit_b_logit_2,resnet50_logit_3,vit_b_logit_3
P001,0,-0.35667494393873245,-0.4307829160924542,-2.3025850929940455,-1.8971199848858813,-2.3025850929940455,-2.3025850929940455,-2.3025850929940455,-2.3025850929940455
P002,1,-2.3025850929940455,-2.3025850929940455,-0.5108256237659907,-0.4307829160924542,-1.6094379124341003,-1.8971199848858813,-2.3025850929940455,-2.3025850929940455
P003,2,-2.3025850929940455,-2.3025850929940455,-1.8971199848858813,-1.6094379124341003,-0.4307829160924542,-0.5108256237659907,-2.3025850929940455,-2.3025850929940455
P004,3,-2.995732273553991,-2.995732273553991,-2.3025850929940455,-2.3025850929940455,-1.8971199848858813,-1.6094379124341003,-0.35667494393873245,-0.4307829160924542
